id,src,width,height,search
1,1.jpg,500px,281px,people
,31.jpg,500px,281px,people
,1.jpeg,1400px,500px,people
,10.jpeg,500px,334px,people
,11.jpeg,500px,333px,people
,12.jpeg,500px,333px,people
,13.jpeg,500px,667px,people
,14.jpeg,500px,322px,people
,16.jpeg,500px,948px,people
,17.jpeg,500px,333px,people
,18.jpeg,500px,750px,people
,19.jpeg,500px,755px,people
,2.jpeg,500px,333px,people
,20.jpeg,500px,313px,people
,21.jpeg,500px,610px,people
,22.jpeg,500px,750px,people
,23.jpeg,500px,750px,people
,24.jpeg,500px,750px,people
,25.jpeg,500px,750px,people
,26.jpeg,500px,333px,people
,27.jpeg,500px,750px,people
,28.jpeg,500px,739px,people
,29.jpeg,500px,333px,people
,3.jpeg,500px,333px,people
,31.jpeg,500px,375px,people
,4.jpeg,500px,750px,people
,5.jpeg,500px,667px,people
,6.jpeg,500px,375px,people
,7.jpeg,500px,690px,people
,8.jpeg,500px,625px,people
,32.jpeg,500px,322px,people
,33.jpeg,500px,750px,people
,34.jpeg,500px,375px,people
,35.jpeg,500px,331px,people
,36.jpeg,500px,333px,people
,37.jpeg,500px,400px,people
,38.jpeg,500px,667px,people
,39.jpeg,500px,750px,people
,40.jpeg,500px,802px,people
,41.jpeg,500px,667px,people
,42.jpeg,500px,333px,people
,43.jpeg,500px,625px,people
,44.jpeg,500px,667px,people
,45.jpeg,500px,333px,people
,46.jpeg,500px,889px,people
,47.jpeg,500px,504px,people
,48.jpeg,500px,375px,people
,49.jpeg,500px,333px,people
,50.jpeg,500px,700px,people
,51.jpeg,500px,400px,people
,52.jpeg,500px,528px,people
,53.jpeg,500px,750px,people
,54.jpeg,500px,334px,people
,55.jpeg,500px,750px,people
,56.jpeg,500px,281px,people
,57.jpeg,500px,750px,people
,58.jpeg,500px,750px,people
,59.jpeg,500px,755px,people
,ia_300000406.jpeg,500px,750px,people
,ia_300000414.jpeg,500px,750px,people
,ia_300000418.jpeg,500px,750px,people
,ia_300000430.jpeg,500px,750px,people
,ia_300000442.jpeg,500px,750px,people
,ia_300000446.jpeg,500px,750px,people
,ia_300000454.jpeg,500px,750px,people
,ia_300000458.jpeg,500px,700px,people
,ia_300000462.jpeg,500px,375px,people
,ia_300000466.jpeg,500px,750px,people
,ia_300000470.jpeg,500px,948px,people
,ia_300000474.jpeg,500px,710px,people
,ia_300000478.jpeg,500px,750px,people
,ia_300000482.jpeg,500px,333px,people
,ia_300000486.jpeg,500px,751px,people
,ia_300000490.jpeg,500px,750px,people
,ia_300000494.jpeg,500px,750px,people
,ia_300000502.jpeg,500px,750px,people
,ia_300000514.jpeg,500px,281px,people
,ia_300000522.jpeg,500px,750px,people
,ia_300000526.jpeg,500px,889px,people
,ia_300000530.jpeg,500px,625px,people
,ia_300000566.jpeg,256px,256px,people
,ia_300000567.jpeg,280px,200px,people
,ia_300005522.jpeg,500px,333px,people
,ia_300005559.jpeg,500px,625px,people
,ia_300005596.jpeg,500px,750px,people
,ia_300005670.jpeg,500px,625px,people
,ia_300005707.jpeg,500px,750px,people
,ia_300005781.jpeg,500px,333px,people
,ia_300005818.jpeg,500px,333px,people
,ia_300005855.jpeg,500px,333px,people
,ia_300006040.jpg,500px,847px,people
,ia_300007011.jpg,500px,281px,people
,ia_300007087.jpg,500px,281px,people
,ia_300005929.jpeg,500px,333px,people
,ia_300006003.jpeg,500px,375px,people
,ia_300006079.jpeg,500px,505px,people
,ia_300006166.jpeg,500px,750px,people
,ia_300006203.jpeg,500px,749px,people
,ia_300006240.jpeg,500px,750px,people
,ia_300006277.jpeg,500px,333px,people
,ia_300006353.jpeg,500px,333px,people
,ia_300006390.jpeg,500px,667px,people
,ia_300006429.jpeg,500px,750px,people
,ia_300006466.jpeg,500px,750px,people
,ia_300006503.jpeg,500px,750px,people
,ia_300006540.jpeg,500px,750px,people
,ia_300006614.jpeg,500px,331px,people
,ia_300006651.jpeg,500px,375px,people
,ia_300006688.jpeg,500px,333px,people
,ia_300006725.jpeg,500px,750px,people
,ia_300006808.jpeg,256px,256px,people
,ia_300006810.jpeg,280px,200px,people
,ia_300006811.jpeg,280px,200px,people
,ia_300006859.jpeg,256px,256px,people
,ia_300006860.jpeg,280px,200px,people
,ia_300006937.jpeg,500px,667px,people
,ia_300006974.jpeg,500px,333px,people
,ia_300007050.jpeg,500px,750px,people
,ia_300007126.jpeg,500px,667px,people
,ia_300007163.jpeg,500px,333px,people
,ia_300007274.jpeg,500px,333px,people
,ia_300007311.jpeg,500px,750px,people
,ia_300007348.jpeg,500px,602px,people
,ia_300007385.jpeg,500px,739px,people
,ia_300007422.jpeg,500px,750px,people
,ia_300007459.jpeg,500px,750px,people
,ia_300007557.jpeg,256px,256px,people
,ia_300007558.jpeg,280px,200px,people
,ia_300007559.jpeg,280px,200px,people
,ia_300007604.jpeg,256px,256px,people
,ia_300007605.jpeg,280px,200px,people
,ia_300007606.jpeg,280px,200px,people
,ia_300007658.jpeg,280px,200px,people
,ia_300007659.jpeg,280px,200px,people
,ia_300007660.jpeg,280px,200px,people
,ia_300007702.jpeg,280px,200px,people
,ia_300007703.jpeg,280px,200px,people
,ia_300007704.jpeg,280px,200px,people
,ia_300007810.jpeg,1125px,750px,people
,ia_300007816.jpeg,940px,627px,people
,ia_300007820.jpeg,3744px,5616px,people
,ia_300007821.jpeg,500px,750px,people
,ia_300007824.jpeg,1124px,750px,people
,ia_300007825.jpeg,940px,627px,people
,ia_300007829.jpeg,433px,650px,people
,ia_300007832.jpeg,3648px,5472px,people
,ia_300007844.jpeg,544px,750px,people
,ia_300007845.jpeg,256px,256px,people
,ia_300007848.jpeg,280px,200px,people
,ia_300007871.jpeg,500px,730px,people
,ia_300009352.jpg,500px,333px,people
,ia_300007908.jpeg,500px,750px,people
,ia_300007982.jpeg,500px,750px,people
,ia_300008056.jpeg,500px,625px,people
,ia_300008243.jpeg,500px,625px,people
,ia_300008280.jpeg,500px,333px,people
,ia_300008317.jpeg,500px,333px,people
,ia_300008354.jpeg,500px,281px,people
,ia_300008393.jpeg,500px,625px,people
,ia_300008545.jpeg,500px,750px,people
,ia_300008582.jpeg,500px,889px,people
,ia_300008621.jpeg,500px,948px,people
,ia_300008660.jpeg,500px,333px,people
,ia_300008734.jpeg,500px,338px,people
,ia_300008771.jpeg,500px,667px,people
,ia_300008808.jpeg,500px,625px,people
,ia_300008845.jpeg,500px,750px,people
,ia_300008882.jpeg,500px,948px,people
,ia_300008921.jpeg,500px,750px,people
,ia_300008958.jpeg,500px,750px,people
,ia_300009032.jpeg,500px,313px,people
,ia_300009151.jpeg,471px,650px,people
,ia_300009165.jpeg,500px,751px,people
,ia_300009239.jpeg,500px,281px,people
,ia_300009278.jpeg,500px,741px,people
,ia_300009315.jpeg,500px,282px,people
,ia_300009426.jpeg,500px,750px,people
,ia_300009463.jpeg,500px,750px,people
,ia_300009576.jpeg,500px,750px,people
,ia_300009613.jpeg,500px,505px,people
,ia_300010132.jpg,500px,281px,people
,ia_300010208.jpg,500px,281px,people
,ia_300009982.jpeg,500px,750px,people
,ia_300010019.jpeg,500px,750px,people
,ia_300010056.jpeg,500px,625px,people
,ia_300010093.jpeg,500px,867px,people
,ia_300010171.jpeg,500px,333px,people
,ia_300010284.jpeg,500px,750px,people
,ia_300010321.jpeg,500px,625px,people
,ia_300010395.jpeg,500px,750px,people
,ia_300010492.jpeg,940px,628px,people
,ia_300010518.jpeg,940px,628px,people
,ia_300010522.jpeg,940px,627px,people
,ia_300010524.jpeg,940px,627px,people
,ia_300010536.jpeg,940px,606px,people
,ia_300010542.jpeg,3500px,2338px,people
,ia_300010546.jpeg,2025px,3840px,people
,ia_300010548.jpeg,488px,650px,people
,ia_300010558.jpeg,940px,627px,people
,ia_300010560.jpeg,3456px,5184px,people
,ia_300010569.jpeg,940px,588px,people
,ia_300010570.jpeg,1200px,750px,people
,ia_300010573.jpeg,2712px,4096px,people
,ia_300010577.jpeg,3268px,3989px,people
,ia_300010578.jpeg,5472px,3420px,people
,ia_300010582.jpeg,500px,750px,people
,ia_300010586.jpeg,280px,200px,people
,ia_300010630.jpeg,500px,750px,people
,ia_300010631.jpeg,433px,650px,people
,ia_300010633.jpeg,500px,667px,people
,ia_300011275.jpg,500px,281px,people
,ia_300011314.jpg,500px,281px,people
,ia_300011429.jpg,500px,281px,people
,ia_300009650.jpeg,500px,333px,people
,ia_300009687.jpeg,500px,500px,people
,ia_300009724.jpeg,500px,625px,people
,ia_300009834.jpeg,500px,750px,people
,ia_300009871.jpeg,500px,333px,people
,ia_300009908.jpeg,500px,667px,people
,ia_300009945.jpeg,500px,750px,people
,ia_300010670.jpeg,500px,750px,people
,ia_300010744.jpeg,500px,333px,people
,ia_300010781.jpeg,500px,333px,people
,ia_300010818.jpeg,500px,750px,people
,ia_300010855.jpeg,500px,750px,people
,ia_300010929.jpeg,500px,334px,people
,ia_300010966.jpeg,500px,598px,people
,ia_300011003.jpeg,500px,750px,people
,ia_300011040.jpeg,500px,333px,people
,ia_300011114.jpeg,500px,625px,people
,ia_300011188.jpeg,500px,749px,people
,ia_300011353.jpeg,500px,282px,people
,ia_300011390.jpeg,500px,889px,people
,ia_300011468.jpeg,500px,750px,people
,ia_300011542.jpeg,500px,625px,people
,ia_300011579.jpeg,500px,749px,people
,ia_300011616.jpeg,500px,667px,people
,ia_300011653.jpeg,500px,631px,people
,ia_300011690.jpeg,500px,281px,people
,ia_300011729.jpeg,500px,750px,people
,ia_300013256.jpg,256px,256px,people
,ia_300013880.jpg,500px,281px,people
,ia_300014021.jpg,500px,264px,people
,ia_300014134.jpg,500px,281px,people
,ia_300012946.jpeg,500px,699px,people
,ia_300012983.jpeg,500px,750px,people
,ia_300013020.jpeg,500px,625px,people
,ia_300013057.jpeg,500px,667px,people
,ia_300013094.jpeg,500px,332px,people
,ia_300013170.jpeg,500px,333px,people
,ia_300013257.jpeg,280px,200px,people
,ia_300013258.jpeg,280px,200px,people
,ia_300013259.jpeg,280px,200px,people
,ia_300013319.jpeg,500px,625px,people
,ia_300013356.jpeg,500px,264px,people
,ia_300013395.jpeg,500px,750px,people
,ia_300013432.jpeg,500px,750px,people
,ia_300013469.jpeg,500px,750px,people
,ia_300013506.jpeg,500px,333px,people
,ia_300013617.jpeg,500px,948px,people
,ia_300013656.jpeg,500px,750px,people
,ia_300013693.jpeg,500px,889px,people
,ia_300013769.jpeg,500px,331px,people
,ia_300013806.jpeg,500px,333px,people
,ia_300013843.jpeg,500px,750px,people
,ia_300013984.jpeg,500px,598px,people
,ia_300014097.jpeg,500px,624px,people
,ia_300014173.jpeg,500px,750px,people
,ia_300014210.jpeg,500px,750px,people
,ia_300014247.jpeg,500px,667px,people
,ia_300012021.jpg,500px,333px,people
,ia_300012646.jpg,500px,281px,people
,ia_300011766.jpeg,500px,750px,people
,ia_300011803.jpeg,500px,333px,people
,ia_300011840.jpeg,500px,750px,people
,ia_300011945.jpeg,3840px,5760px,people
,ia_300011984.jpeg,500px,598px,people
,ia_300012095.jpeg,500px,750px,people
,ia_300012132.jpeg,500px,700px,people
,ia_300012206.jpeg,500px,667px,people
,ia_300012319.jpeg,500px,750px,people
,ia_300012356.jpeg,500px,505px,people
,ia_300012393.jpeg,500px,331px,people
,ia_300012467.jpeg,500px,281px,people
,ia_300012506.jpeg,500px,750px,people
,ia_300012609.jpeg,500px,393px,people
,ia_300012722.jpeg,500px,889px,people
,ia_300012761.jpeg,500px,754px,people
,ia_300012798.jpeg,500px,750px,people
,ia_300012909.jpeg,500px,750px,people
,ia_300014284.jpeg,500px,333px,people
,ia_300014321.jpeg,500px,798px,people
,ia_300014358.jpeg,500px,281px,people
,ia_300014395.jpeg,500px,774px,people
,ia_300014432.jpeg,500px,750px,people
,ia_300014508.jpeg,500px,750px,people
,ia_300014545.jpeg,500px,750px,people
,ia_300014698.jpeg,500px,750px,people
,ia_300014735.jpeg,500px,264px,people
,ia_300014811.jpeg,500px,591px,people
,ia_300015385.jpg,500px,264px,people
,ia_300016029.jpg,500px,281px,people
,ia_300014885.jpeg,500px,333px,people
,ia_300014922.jpeg,500px,835px,people
,ia_300014959.jpeg,500px,889px,people
,ia_300014996.jpeg,500px,889px,people
,ia_300015072.jpeg,500px,750px,people
,ia_300015109.jpeg,500px,394px,people
,ia_300015146.jpeg,500px,750px,people
,ia_300015183.jpeg,500px,750px,people
,ia_300015220.jpeg,500px,750px,people
,ia_300015257.jpeg,500px,889px,people
,ia_300015424.jpeg,500px,415px,people
,ia_300015461.jpeg,500px,750px,people
,ia_300015535.jpeg,500px,750px,people
,ia_300015572.jpeg,500px,750px,people
,ia_300015609.jpeg,500px,750px,people
,ia_300015646.jpeg,500px,332px,people
,ia_300015720.jpeg,500px,667px,people
,ia_300015757.jpeg,500px,862px,people
,ia_300015794.jpeg,500px,750px,people
,ia_300015868.jpeg,500px,700px,people
,ia_300015905.jpeg,500px,750px,people
,ia_300016068.jpeg,500px,750px,people
,ia_300016105.jpeg,500px,749px,people
,ia_300016142.jpeg,500px,333px,people
,ia_300016179.jpeg,500px,333px,people
,ia_300016216.jpeg,500px,311px,people
,ia_300016253.jpeg,500px,750px,people
,ia_300016327.jpeg,500px,748px,people
